123;Pazartesi
124;Salý
125;Çarþamba
126;Perþembe
127;Cuma
128;Cumartesi
129;Pazar
130;Pazartesi
131;Salý
132;Çarþamba
133;Perþembe
134;Cuma
135;Cumartesi
136;Pazar
137;Pazartesi
138;Salý
139;Çarþamba
14O;Perþembe
141;Cuma
142;Cumartesi
143;Pazar
144;Pazartesi
145;Salý
146;Çarþamba
147;Perþembe
148;Cuma
149;Cumartesi
150;Pazar
151;Pazartesi
152;Salý
153;Çarþamba
154;Perþembe
155;Cuma
156;Cumartesi
157;Pazar
158;Pazartesi
159;Salý
160;Çarþamba
161;Perþembe
162;Cuma
163;Cumartesi
164;Pazar
165;Pazartesi
166;Salý
167;Çarþamba
168;Perþembe
169;Cuma
170;Cumartesi
171;Pazar
172;Pazartesi
173;Salý
174;Çarþamba
175;Perþembe
176;Cuma
177;Cumartesi
178;Pazar
179;Pazartesi
180;Salý
181;Çarþamba
182;Perþembe
183;Cuma
184;Cumartesi
185;Pazar
186;Pazartesi
187;Salý
188;Çarþamba
189;Perþembe
190;Cuma
191;Cumartesi
192;Pazar
193;Pazartesi
194;Salý
195;Çarþamba
196;Perþembe
197;Cuma
198;Cumartesi
199;Pazar
200;Pazartesi
201;Salý
202;Çarþamba
203;Perþembe
204;Cuma
205;Cumartesi
206;Pazar
207;Pazartesi
208;Salý
209;Çarþamba
210;Perþembe
211;Cuma
212;Cumartesi
213;Pazar
214;Pazartesi
215;Salý
216;Çarþamba
217;Perþembe
218;Cuma
219;Cumartesi
220;Pazar
221;Pazartesi
222;Salý
223;Çarþamba
224;Perþembe
225;Cuma
226;Cumartesi
227;Pazar
228;Pazartesi
229;Salý
230;Çarþamba
231;Perþembe
232;Cuma
233;Cumartesi
234;Pazar
235;Pazartesi
236;Salý
237;Çarþamba
238;Perþembe
239;Cuma
240;Cumartesi
241;Pazar
242;Pazartesi
243;Salý
244;Çarþamba
245;Perþembe
246;Cuma
247;Cumartesi
248;Pazar
249;Pazartesi
250;Salý
251;Çarþamba
252;Perþembe
253;Cuma
254;Cumartesi
255;Pazar
256;Pazartesi
257;Salý
258;Çarþamba
259;Perþembe
260;Cuma
261;Cumartesi
262;Pazar
263;Pazartesi
264;Salý
265;Çarþamba
266;Perþembe
267;Cuma
268;Cumartesi
269;Pazar
270;Pazartesi
271;Salý
272;Çarþamba
273;Perþembe
274;Cuma
275;Cumartesi
276;Pazar
277;Pazartesi
278;Salý
279;Çarþamba
280;Perþembe
281;Cuma
282;Cumartesi
283;Pazar
284;Pazartesi
285;Salý
286;Çarþamba
287;Perþembe
288;Cuma
289;Cumartesi
290;Pazar
291;Pazartesi
292;Salý
293;Çarþamba
294;Perþembe
295;Cuma
296;Cumartesi
297;Pazar
298;Pazartesi
299;Salý
300;Çarþamba
301;Perþembe
302;Cuma
303;Cumartesi
304;Pazar
305;Pazartesi
306;Salý
307;Çarþamba
308;Perþembe
309;Cuma
310;Cumartesi
311;Pazar
312;Pazartesi
313;Salý
314;Çarþamba
315;Perþembe
316;Cuma
317;Cumartesi
318;Pazar
319;Pazartesi
320;Salý
321;Çarþamba
322;Perþembe
323;Cuma
324;Cumartesi
325;Pazar
326;Pazartesi
327;Salý
328;Çarþamba
329;Perþembe
330;Cuma
331;Cumartesi
332;Pazar
333;Pazartesi
334;Salý
335;Çarþamba
336;Perþembe
337;Cuma
338;Cumartesi
339;Pazar
340;Pazartesi
341;Salý
342;Çarþamba
343;Perþembe
344;Cuma
345;Cumartesi
346;Pazar
347;Pazartesi
348;Salý
349;Çarþamba
350;Perþembe
351;Cuma
352;Cumartesi
353;Pazar
354;Pazartesi
355;Salý
356;Çarþamba
357;Perþembe
358;Cuma
359;Cumartesi
360;Pazar
361;Pazartesi
362;Salý
363;Çarþamba
364;Perþembe
365;Cuma
366;Cumartesi
367;Pazar
368;Pazartesi
369;Salý
370;Çarþamba
371;Perþembe
372;Cuma
373;Cumartesi
374;Pazar
375;Pazartesi
376;Salý
377;Çarþamba
378;Perþembe
379;Cuma
380;Cumartesi
381;Pazar
382;Pazartesi
383;Salý
384;Çarþamba
385;Perþembe
386;Cuma
387;Cumartesi
388;Pazar
389;Pazartesi
390;Salý
391;Çarþamba
392;Perþembe
393;Cuma
394;Cumartesi
395;Pazar
396;Pazartesi
397;Salý
398;Çarþamba
399;Perþembe
400;Cuma
401;Cumartesi
402;Pazar
403;Pazartesi
404;Salý
405;Çarþamba
406;Perþembe
407;Cuma
408;Cumartesi
409;Pazar
410;Pazartesi
411;Salý
412;Çarþamba
413;Perþembe
414;Cuma
415;Cumartesi
416;Pazar
417;Pazartesi
418;Salý
419;Çarþamba
420;Perþembe
421;Cuma
422;Cumartesi
423;Pazar
424;Pazartesi
425;Salý
426;Çarþamba
427;Perþembe
428;Cuma
429;Cumartesi
430;Pazar
431;Pazartesi
432;Salý
433;Çarþamba
434;Perþembe
435;Cuma
436;Cumartesi
437;Pazar
438;Pazartesi
439;Salý
440;Çarþamba
441;Perþembe
442;Cuma
443;Cumartesi
444;Pazar
445;Pazartesi
446;Salý
447;Çarþamba
448;Perþembe
449;Cuma
450;Cumartesi
451;Pazar
452;Pazartesi
453;Salý
454;Çarþamba
455;Perþembe
456;Cuma
457;Cumartesi
458;Pazar
459;Pazartesi
460;Salý
461;Çarþamba
462;Perþembe
463;Cuma
464;Cumartesi
465;Pazar
466;Pazartesi
467;Salý
468;Çarþamba
469;Perþembe
470;Cuma
471;Cumartesi
472;Pazar
473;Pazartesi
474;Salý
475;Çarþamba
476;Perþembe
477;Cuma
478;Cumartesi
479;Pazar
480;Pazartesi
481;Salý
482;Çarþamba
483;Perþembe
484;Cuma
485;Cumartesi
486;Pazar
487;Pazartesi
488;Salý
489;Çarþamba
490;Perþembe
491;Cuma
492;Cumartesi
493;Pazar
494;Pazartesi
495;Salý
496;Çarþamba
497;Perþembe
498;Cuma
499;Cumartesi
500;Pazar
501;Pazartesi
502;Salý
503;Çarþamba
504;Perþembe
505;Cuma
506;Cumartesi
507;Pazar
508;Pazartesi
509;Salý
510;Çarþamba
511;Perþembe
512;Cuma
513;Cumartesi
514;Pazar
515;Pazartesi
516;Salý
517;Çarþamba
518;Perþembe
519;Cuma
520;Cumartesi
521;Pazar
522;Pazartesi
523;Salý
524;Çarþamba
525;Perþembe
526;Cuma
527;Cumartesi
528;Pazar
529;Pazartesi
530;Salý
531;Çarþamba
532;Perþembe
533;Cuma
534;Cumartesi
535;Pazar
536;Pazartesi
537;Salý
538;Çarþamba
539;Perþembe
540;Cuma
541;Cumartesi
542;Pazar
543;Pazartesi
544;Salý
545;Çarþamba
546;Perþembe
547;Cuma
548;Cumartesi
549;Pazar
550;Pazartesi
551;Salý
552;Çarþamba
553;Perþembe
554;Cuma
555;Cumartesi
556;Pazar
557;Pazartesi
558;Salý
559;Çarþamba
560;Perþembe
561;Cuma
562;Cumartesi
563;Pazar
564;Pazartesi
565;Salý
566;Çarþamba
567;Perþembe
568;Cuma
569;Cumartesi
570;Pazar
571;Pazartesi
572;Salý
573;Çarþamba
574;Perþembe
575;Cuma
576;Cumartesi
577;Pazar
578;Pazartesi
579;Salý
580;Çarþamba
581;Perþembe
582;Cuma
583;Cumartesi
584;Pazar
585;Pazartesi
586;Salý
587;Çarþamba
588;Perþembe
589;Cuma
590;Cumartesi
591;Pazar
592;Pazartesi
593;Salý
594;Çarþamba
595;Perþembe
596;Cuma
597;Cumartesi
598;Pazar
599;Pazartesi
600;Salý
601;Çarþamba
602;Perþembe
603;Cuma
604;Cumartesi
605;Pazar
606;Pazartesi
607;Salý
608;Çarþamba
609;Perþembe
610;Cuma
611;Cumartesi
612;Pazar
613;Pazartesi
614;Salý
615;Çarþamba
616;Perþembe
617;Cuma
618;Cumartesi
619;Pazar
620;Pazartesi
621;Salý
622;Çarþamba
623;Perþembe
624;Cuma
625;Cumartesi
626;Pazar
627;Pazartesi
628;Salý
629;Çarþamba
630;Perþembe
631;Cuma
632;Cumartesi
633;Pazar
634;Pazartesi
635;Salý
636;Çarþamba
637;Perþembe
638;Cuma
639;Cumartesi
640;Pazar
641;Pazartesi
642;Salý
643;Çarþamba
644;Perþembe
645;Cuma
646;Cumartesi
647;Pazar
648;Pazartesi
649;Salý
650;Çarþamba
651;Perþembe
652;Cuma
653;Cumartesi
654;Pazar
655;Pazartesi
656;Salý
657;Çarþamba
658;Perþembe
659;Cuma
660;Cumartesi
661;Pazar
662;Pazartesi
663;Salý
664;Çarþamba
665;Perþembe
666;Cuma
667;Cumartesi
668;Pazar
669;Pazartesi
670;Salý
671;Çarþamba
672;Perþembe
673;Cuma
674;Cumartesi
675;Pazar
676;Pazartesi
677;Salý
678;Çarþamba
679;Perþembe
680;Cuma
681;Cumartesi
682;Pazar
683;Pazartesi
684;Salý
685;Çarþamba
686;Perþembe
687;Cuma
688;Cumartesi
689;Pazar
690;Pazartesi
691;Salý
692;Çarþamba
693;Perþembe
694;Cuma
695;Cumartesi
696;Pazar
697;Pazartesi
698;Salý
699;Çarþamba
700;Perþembe
701;Cuma
702;Cumartesi
703;Pazar
704;Pazartesi
705;Salý
706;Çarþamba
707;Perþembe
708;Cuma
709;Cumartesi
710;Pazar
711;Pazartesi
712;Salý
713;Çarþamba
714;Perþembe
715;Cuma
716;Cumartesi
717;Pazar
718;Pazartesi
719;Salý
720;Çarþamba
721;Perþembe
722;Cuma
723;Cumartesi
724;Pazar
725;Pazartesi
726;Salý
727;Çarþamba
728;Perþembe
729;Cuma
730;Cumartesi
731;Pazar
732;Pazartesi
733;Salý
734;Çarþamba
735;Perþembe
736;Cuma
737;Cumartesi
738;Pazar
739;Pazartesi
740;Salý
741;Çarþamba
742;Perþembe
743;Cuma
744;Cumartesi
745;Pazar
746;Pazartesi
747;Salý
748;Çarþamba
749;Perþembe
750;Cuma
751;Cumartesi
752;Pazar
753;Pazartesi
754;Salý
755;Çarþamba
756;Perþembe
757;Cuma
758;Cumartesi
759;Pazar
760;Pazartesi
761;Salý
762;Çarþamba
763;Perþembe
764;Cuma
765;Cumartesi
766;Pazar
767;Pazartesi
768;Salý
769;Çarþamba
770;Perþembe
771;Cuma
772;Cumartesi
773;Pazar
774;Pazartesi
775;Salý
776;Çarþamba
777;Perþembe
778;Cuma
779;Cumartesi
780;Pazar
781;Pazartesi
782;Salý
783;Çarþamba
784;Perþembe
785;Cuma
786;Cumartesi
787;Pazar
788;Pazartesi
789;Salý
790;Çarþamba
791;Perþembe
792;Cuma
793;Cumartesi
794;Pazar
795;Pazartesi
796;Salý
797;Çarþamba
798;Perþembe
799;Cuma
800;Cumartesi
801;Pazar
802;Pazartesi
803;Salý
804;Çarþamba
805;Perþembe
806;Cuma
807;Cumartesi
808;Pazar
809;Pazartesi
810;Salý
811;Çarþamba
812;Perþembe
813;Cuma
814;Cumartesi
815;Pazar
816;Pazartesi
817;Salý
818;Çarþamba
819;Perþembe
820;Cuma
821;Cumartesi
822;Pazar
823;Pazartesi
824;Salý
825;Çarþamba
826;Perþembe
827;Cuma
828;Cumartesi
829;Pazar
830;Pazartesi
831;Salý
832;Çarþamba
833;Perþembe
834;Cuma
835;Cumartesi
836;Pazar
837;Pazartesi
838;Salý
839;Çarþamba
840;Perþembe
841;Cuma
842;Cumartesi
843;Pazar
844;Pazartesi
845;Salý
846;Çarþamba
847;Perþembe
848;Cuma
849;Cumartesi
850;Pazar
851;Pazartesi
852;Salý
853;Çarþamba
854;Perþembe
855;Cuma
856;Cumartesi
857;Pazar
858;Pazartesi
859;Salý
860;Çarþamba
861;Perþembe
862;Cuma
863;Cumartesi
864;Pazar
865;Pazartesi
866;Salý
867;Çarþamba
868;Perþembe
869;Cuma
870;Cumartesi
871;Pazar
872;Pazartesi
873;Salý
874;Çarþamba
875;Perþembe
876;Cuma
877;Cumartesi
878;Pazar
879;Pazartesi
880;Salý
881;Çarþamba
882;Perþembe
883;Cuma
884;Cumartesi
885;Pazar
886;Pazartesi
887;Salý
888;Çarþamba
889;Perþembe
890;Cuma
891;Cumartesi
892;Pazar
893;Pazartesi
894;Salý
895;Çarþamba
896;Perþembe
897;Cuma
898;Cumartesi
899;Pazar
900;Pazartesi
901;Salý
902;Çarþamba
903;Perþembe
904;Cuma
905;Cumartesi
906;Pazar
907;Pazartesi
908;Salý
909;Çarþamba
910;Perþembe
911;Cuma
912;Cumartesi
913;Pazar
914;Pazartesi
915;Salý
916;Çarþamba
917;Perþembe
918;Cuma
919;Cumartesi
920;Pazar
921;Pazartesi
922;Salý
923;Çarþamba
924;Perþembe
925;Cuma
926;Cumartesi
927;Pazar
928;Pazartesi
929;Salý
930;Çarþamba
931;Perþembe
932;Cuma
933;Cumartesi
934;Pazar
935;Pazartesi
936;Salý
937;Çarþamba
938;Perþembe
939;Cuma
940;Cumartesi
941;Pazar
942;Pazartesi
943;Salý
944;Çarþamba
945;Perþembe
946;Cuma
947;Cumartesi
948;Pazar
949;Pazartesi
950;Salý
951;Çarþamba
952;Perþembe
953;Cuma
954;Cumartesi
955;Pazar
956;Pazartesi
957;Salý
958;Çarþamba
959;Perþembe
960;Cuma
961;Cumartesi
962;Pazar
963;Pazartesi
964;Salý
965;Çarþamba
966;Perþembe
967;Cuma
968;Cumartesi
969;Pazar
970;Pazartesi
971;Salý
972;Çarþamba
973;Perþembe
974;Cuma
975;Cumartesi
976;Pazar
977;Pazartesi
978;Salý
979;Çarþamba
980;Perþembe
981;Cuma
982;Cumartesi
983;Pazar
984;Pazartesi
985;Salý
986;Çarþamba
987;Perþembe
988;Cuma
989;Cumartesi
990;Pazar
991;Pazartesi
992;Salý
993;Çarþamba
994;Perþembe
995;Cuma
996;Cumartesi
997;Pazar
998;Pazartesi
999;Salý
1000;Çarþamba
1001;Perþembe
1002;Cuma
1003;Cumartesi
1004;Pazar
1005;Pazartesi
1006;Salý
1007;Çarþamba
1008;Perþembe
1009;Cuma
1010;Cumartesi
1011;Pazar
1012;Pazartesi
1013;Salý
1014;Çarþamba
1015;Perþembe
1016;Cuma
1017;Cumartesi
1018;Pazar
1019;Pazartesi
1020;Salý
1021;Çarþamba
1022;Perþembe
1023;Cuma
1024;Cumartesi
1025;Pazar
1026;Pazartesi
1027;Salý
1028;Çarþamba
1029;Perþembe
1030;Cuma
1031;Cumartesi
1032;Pazar
1033;Pazartesi
1034;Salý
1035;Çarþamba
1036;Perþembe
1037;Cuma
1038;Cumartesi
1039;Pazar
1040;Pazartesi
1041;Salý
1042;Çarþamba
1043;Perþembe
1044;Cuma
1045;Cumartesi
1046;Pazar
1047;Pazartesi
1048;Salý
1049;Çarþamba
1050;Perþembe
1051;Cuma
1052;Cumartesi
1053;Pazar
1054;Pazartesi
1055;Salý
1056;Çarþamba
1057;Perþembe
1058;Cuma
1059;Cumartesi
1060;Pazar
1061;Pazartesi
1062;Salý
1063;Çarþamba
1064;Perþembe
1065;Cuma
1066;Cumartesi
1067;Pazar
1068;Pazartesi
1069;Salý
1070;Çarþamba
1071;Perþembe
1072;Cuma
1073;Cumartesi
1074;Pazar
1075;Pazartesi
1076;Salý
1077;Çarþamba
1078;Perþembe
1079;Cuma
1080;Cumartesi
1081;Pazar
1082;Pazartesi
1083;Salý
1084;Çarþamba
1085;Perþembe
1086;Cuma
1087;Cumartesi
1088;Pazar
1089;Pazartesi
1090;Salý
1091;Çarþamba
1092;Perþembe
1093;Cuma
1094;Cumartesi
1095;Pazar
1096;Pazartesi
1097;Salý
1098;Çarþamba
1099;Perþembe
1100;Cuma
1101;Cumartesi
1102;Pazar
1103;Pazartesi
1104;Salý
1105;Çarþamba
1106;Perþembe
1107;Cuma
1108;Cumartesi
1109;Pazar
1110;Pazartesi
1111;Salý
1112;Çarþamba
1113;Perþembe
1114;Cuma
1115;Cumartesi
1116;Pazar
1117;Pazartesi
1118;Salý
1119;Çarþamba
1120;Perþembe
1121;Cuma
1122;Cumartesi
1123;Pazar
1124;Pazartesi
1125;Salý
1126;Çarþamba
1127;Perþembe
1128;Cuma
1129;Cumartesi
1130;Pazar
1131;Pazartesi
1132;Salý
1133;Çarþamba
1134;Perþembe
1135;Cuma
1136;Cumartesi
1137;Pazar
1138;Pazartesi
1139;Salý
1140;Çarþamba
1141;Perþembe
1142;Cuma
1143;Cumartesi
1144;Pazar
1145;Pazartesi
1146;Salý
1147;Çarþamba
1148;Perþembe
1149;Cuma
1150;Cumartesi
1151;Pazar
1152;Pazartesi
1153;Salý
1154;Çarþamba
1155;Perþembe
1156;Cuma
1157;Cumartesi
1158;Pazar
1159;Pazartesi
1160;Salý
1161;Çarþamba
1162;Perþembe
1163;Cuma
1164;Cumartesi
1165;Pazar
1166;Pazartesi
1167;Salý
1168;Çarþamba
1169;Perþembe
1170;Cuma
1171;Cumartesi
1172;Pazar
1173;Pazartesi
1174;Salý
1175;Çarþamba
1176;Perþembe
1177;Cuma
1178;Cumartesi
1179;Pazar
1180;Pazartesi
1181;Salý
1182;Çarþamba
1183;Perþembe
1184;Cuma
1185;Cumartesi
1186;Pazar
1187;Pazartesi
1188;Salý
1189;Çarþamba
1190;Perþembe
1191;Cuma
1192;Cumartesi
1193;Pazar
1194;Pazartesi
1195;Salý
1196;Çarþamba
1197;Perþembe
1198;Cuma
1199;Cumartesi
1200;Pazar
1201;Pazartesi
1202;Salý
1203;Çarþamba
1204;Perþembe
1205;Cuma
1206;Cumartesi
1207;Pazar
1208;Pazartesi
1209;Salý
1210;Çarþamba
1211;Perþembe
1212;Cuma
1213;Cumartesi
1214;Pazar
1215;Pazartesi
1216;Salý
1217;Çarþamba
1218;Perþembe
1219;Cuma
1220;Cumartesi
1221;Pazar
1222;Pazartesi
1223;Salý
1224;Çarþamba
1225;Perþembe
1226;Cuma
1227;Cumartesi
1228;Pazar
1229;Pazartesi
1230;Salý
1231;Çarþamba
1232;Perþembe
1233;Cuma
1234;Cumartesi
1235;Pazar
1236;Pazartesi
1237;Salý
1238;Çarþamba
1239;Perþembe
1240;Cuma
1241;Cumartesi
1242;Pazar
1243;Pazartesi
1244;Salý
1245;Çarþamba
1246;Perþembe
1247;Cuma
1248;Cumartesi
1249;Pazar
